filename,psnr,ssim
sample_0,19.97130067400211,0.3424237225887429
sample_1,16.271560648404005,0.136805777168641
sample_2,20.993052412156526,0.43132852880426237
sample_3,18.45223444409168,0.2822172556905927
sample_4,19.717271283855037,0.3391258542844279
